timestamp,user_id,login_attempts,cpu_usage,port_scans,file_changes,label
2025-06-26 16:49:42,user031,1,68.05548979271484,3,9,0
2025-06-26 16:50:42,user001,1,83.6265674151864,4,2,0
2025-06-26 16:51:42,user048,11,94.81199844108494,6,15,1
2025-06-26 16:52:42,user044,10,88.99922642182587,10,6,1
2025-06-26 16:53:42,user044,0,93.66823538215148,1,7,0
2025-06-26 16:54:42,user004,0,72.76687102727104,1,0,0
2025-06-26 16:55:42,user027,2,30.075816427241836,3,4,0
2025-06-26 16:56:42,user010,0,56.56577635035383,1,0,0
2025-06-26 16:57:42,user039,3,38.33956622642627,4,6,0
2025-06-26 16:58:42,user021,6,87.36241249362449,6,11,1
2025-06-26 16:59:42,user024,13,82.98890694931131,11,14,1
2025-06-26 17:00:42,user026,0,47.99746588969013,0,8,0
2025-06-26 17:01:42,user020,2,33.87793969222732,0,9,0
2025-06-26 17:02:42,user047,0,67.19623618512834,3,6,0
2025-06-26 17:03:42,user017,0,19.70139382144864,1,8,0
2025-06-26 17:04:42,user007,2,38.35981159461454,0,5,0
2025-06-26 17:05:42,user035,1,16.504143051170814,1,6,0
2025-06-26 17:06:42,user004,2,69.09841339334821,2,8,0
2025-06-26 17:07:42,user045,12,95.89814042526677,10,14,1
2025-06-26 17:08:42,user014,14,92.36568490950418,10,8,1
2025-06-26 17:09:42,user020,0,33.063747995446064,3,6,0
2025-06-26 17:10:42,user039,2,39.223432797855274,2,8,0
2025-06-26 17:11:42,user038,1,69.43046404088469,2,5,0
2025-06-26 17:12:42,user041,0,80.32661872715171,3,3,0
2025-06-26 17:13:42,user029,14,93.44394944194966,9,18,1
2025-06-26 17:14:42,user009,1,55.93763222552624,3,0,0
2025-06-26 17:15:42,user002,3,15.170231786946406,2,5,0
2025-06-26 17:16:42,user048,1,39.764308304777465,1,0,0
2025-06-26 17:17:42,user045,2,71.21315950767645,0,6,0
2025-06-26 17:18:42,user015,2,24.98586165708759,3,6,0
2025-06-26 17:19:42,user033,0,58.64562629381428,1,6,0
2025-06-26 17:20:42,user015,7,99.48960021301379,14,7,1
2025-06-26 17:21:42,user036,5,94.53371888351178,12,5,1
2025-06-26 17:22:42,user035,12,88.63391979829098,13,5,1
2025-06-26 17:23:42,user050,1,40.17527708596725,0,1,0
2025-06-26 17:24:42,user004,0,74.74374595045792,3,3,0
2025-06-26 17:25:42,user014,0,17.667435570628534,3,3,0
2025-06-26 17:26:42,user002,1,20.42787822880013,3,7,0
2025-06-26 17:27:42,user025,2,61.56371968732161,2,2,0
2025-06-26 17:28:42,user050,9,80.46694254094768,6,10,1
2025-06-26 17:29:42,user028,2,41.78186814515297,3,6,0
2025-06-26 17:30:42,user040,1,84.11854043595606,1,7,0
2025-06-26 17:31:42,user024,2,6.888083909618502,1,6,0
2025-06-26 17:32:42,user012,1,88.93533774551341,4,1,0
2025-06-26 17:33:42,user012,10,87.53461881312504,6,16,1
2025-06-26 17:34:42,user037,11,86.38666551857847,10,19,1
2025-06-26 17:35:42,user040,0,88.15938554307864,2,5,0
2025-06-26 17:36:42,user036,0,60.220030613907234,0,1,0
2025-06-26 17:37:42,user020,1,69.2322588806382,0,7,0
2025-06-26 17:38:42,user026,8,96.04502202308129,9,12,1
2025-06-26 17:39:42,user016,14,96.75890928046805,11,14,1
2025-06-26 17:40:42,user043,2,67.82651903273998,3,2,0
2025-06-26 17:41:42,user024,9,92.39517268578412,7,6,1
2025-06-26 17:42:42,user005,1,86.62489900551166,2,9,0
2025-06-26 17:43:42,user042,11,96.66141683003853,7,18,1
2025-06-26 17:44:42,user034,1,39.90710163153012,3,8,0
2025-06-26 17:45:42,user016,1,79.0119718218542,0,8,0
2025-06-26 17:46:42,user036,1,72.65414949634751,2,9,0
2025-06-26 17:47:42,user046,13,87.4810150855638,8,6,1
2025-06-26 17:48:42,user012,3,16.852866300674833,0,2,0
2025-06-26 17:49:42,user033,5,91.14009986471193,8,18,1
2025-06-26 17:50:42,user026,0,78.43884781236648,0,2,0
2025-06-26 17:51:42,user035,9,87.75170203486832,6,8,1
2025-06-26 17:52:42,user006,5,35.26276513735506,4,1,0
2025-06-26 17:53:42,user021,0,57.82916817011973,2,1,0
2025-06-26 17:54:42,user023,0,34.59874588388887,3,3,0
2025-06-26 17:55:42,user043,14,89.87433216117006,14,15,1
2025-06-26 17:56:42,user029,2,24.18877993135152,4,8,0
2025-06-26 17:57:42,user018,6,88.25098457960446,6,13,1
2025-06-26 17:58:42,user043,1,11.798696799722244,4,4,0
2025-06-26 17:59:42,user008,3,36.28145450133689,4,2,0
2025-06-26 18:00:42,user020,14,98.18096171126578,8,5,1
2025-06-26 18:01:42,user033,0,39.50929107481175,2,7,0
2025-06-26 18:02:42,user019,1,24.610636051080878,0,0,0
2025-06-26 18:03:42,user041,5,97.94066918076203,6,17,1
2025-06-26 18:04:42,user042,0,39.903942558792444,2,1,0
2025-06-26 18:05:42,user004,0,13.44659352440544,2,2,0
2025-06-26 18:06:42,user029,0,78.4613455689119,2,0,0
2025-06-26 18:07:42,user028,6,83.92531723796836,9,11,1
2025-06-26 18:08:42,user014,14,90.561173733177,7,17,1
2025-06-26 18:09:42,user018,14,97.5788760424111,5,12,1
2025-06-26 18:10:42,user010,2,29.326647856931384,1,8,0
2025-06-26 18:11:42,user014,1,71.3483368892034,2,4,0
2025-06-26 18:12:42,user026,0,22.9702967266767,0,8,0
2025-06-26 18:13:42,user017,5,81.70451097655719,6,8,1
2025-06-26 18:14:42,user007,9,92.71781407892387,9,17,1
2025-06-26 18:15:42,user031,0,54.19930577074909,2,6,0
2025-06-26 18:16:42,user026,0,80.00113527473022,2,5,0
2025-06-26 18:17:42,user033,13,91.72509522251043,5,13,1
2025-06-26 18:18:42,user010,7,97.43847636314185,7,18,1
2025-06-26 18:19:42,user006,1,20.769000616657245,2,3,0
2025-06-26 18:20:42,user036,1,9.743345227890572,3,3,0
2025-06-26 18:21:42,user012,10,96.0370809742704,14,14,1
2025-06-26 18:22:42,user038,3,70.43310525631843,3,8,0
2025-06-26 18:23:42,user047,1,33.38791736508492,4,5,0
2025-06-26 18:24:42,user008,1,71.33215438293401,2,4,0
2025-06-26 18:25:42,user029,3,92.84801233692257,0,9,0
2025-06-26 18:26:42,user003,1,15.203972929374121,2,0,0
2025-06-26 18:27:42,user009,12,83.80841743276002,6,16,1
2025-06-26 18:28:42,user017,1,10.157962993589562,0,1,0
2025-06-26 18:29:42,user025,0,16.98926640388095,0,2,0
2025-06-26 18:30:42,user035,2,31.300363261878474,0,8,0
2025-06-26 18:31:42,user007,0,14.681010410934247,0,8,0
2025-06-26 18:32:42,user043,13,88.01718574365306,14,5,1
2025-06-26 18:33:42,user038,8,98.19404743015548,6,8,1
2025-06-26 18:34:42,user030,0,77.1565537472447,3,8,0
2025-06-26 18:35:42,user018,1,53.82550550311968,4,4,0
2025-06-26 18:36:42,user033,1,67.85019846429086,4,5,0
2025-06-26 18:37:42,user005,1,5.33249203740097,3,9,0
2025-06-26 18:38:42,user033,1,40.191558410823546,0,3,0
2025-06-26 18:39:42,user044,4,54.22299909145931,4,6,0
2025-06-26 18:40:42,user005,1,59.17661187612566,4,7,0
2025-06-26 18:41:42,user012,14,80.2905549964031,10,17,1
2025-06-26 18:42:42,user023,0,21.21789038115714,3,9,0
2025-06-26 18:43:42,user045,0,38.80669194209239,0,5,0
2025-06-26 18:44:42,user039,2,92.30217404547867,1,3,0
2025-06-26 18:45:42,user006,12,96.2280483001183,14,16,1
2025-06-26 18:46:42,user015,0,52.70031482983869,1,3,0
2025-06-26 18:47:42,user006,0,69.47021369244052,3,1,0
2025-06-26 18:48:42,user019,8,80.84662593329367,13,6,1
2025-06-26 18:49:42,user044,11,92.09723139614906,8,17,1
2025-06-26 18:50:42,user015,0,27.816230807463402,0,8,0
2025-06-26 18:51:42,user014,0,60.393579575507275,1,1,0
2025-06-26 18:52:42,user038,1,23.532632226993123,4,2,0
2025-06-26 18:53:42,user024,3,27.1092829875628,1,8,0
2025-06-26 18:54:42,user014,1,54.469142202955084,4,7,0
2025-06-26 18:55:42,user002,1,30.35976660744303,4,3,0
2025-06-26 18:56:42,user012,1,23.380340513398565,0,3,0
2025-06-26 18:57:42,user006,2,72.72998341988165,0,3,0
2025-06-26 18:58:42,user005,1,77.92980354593979,3,5,0
2025-06-26 18:59:42,user031,1,54.509345232128695,1,2,0
2025-06-26 19:00:42,user043,1,29.077890739683323,3,6,0
2025-06-26 19:01:42,user013,10,82.61524206109114,12,13,1
2025-06-26 19:02:42,user028,0,71.13842100373697,4,4,0
2025-06-26 19:03:42,user021,0,91.7977326081698,4,6,0
2025-06-26 19:04:42,user003,2,31.933535841411867,1,3,0
2025-06-26 19:05:42,user026,0,94.2261208056535,2,7,0
2025-06-26 19:06:42,user015,6,83.99196213877204,11,13,1
2025-06-26 19:07:42,user002,0,10.180871116553394,0,0,0
2025-06-26 19:08:42,user039,0,71.12267627590202,1,7,0
2025-06-26 19:09:42,user032,1,56.340094414129965,0,2,0
2025-06-26 19:10:42,user033,2,17.68630406320495,4,0,0
2025-06-26 19:11:42,user042,0,20.180850885416774,3,8,0
2025-06-26 19:12:42,user011,1,74.90007194234843,1,9,0
2025-06-26 19:13:42,user022,1,94.88818420934055,0,8,0
2025-06-26 19:14:42,user037,2,93.75836043600953,2,5,0
2025-06-26 19:15:42,user001,2,26.36391856272556,3,2,0
2025-06-26 19:16:42,user036,1,23.807023971272326,2,6,0
2025-06-26 19:17:42,user039,1,34.40853107014337,0,4,0
2025-06-26 19:18:42,user016,5,98.69246009848138,12,8,1
2025-06-26 19:19:42,user029,2,71.43775864707274,1,8,0
2025-06-26 19:20:42,user033,9,85.24675442647212,6,5,1
2025-06-26 19:21:42,user016,0,13.524496924897198,3,3,0
2025-06-26 19:22:42,user027,8,84.20651351906992,13,8,1
2025-06-26 19:23:42,user011,1,42.308428210385145,0,4,0
2025-06-26 19:24:42,user044,2,55.51996249952656,3,1,0
2025-06-26 19:25:42,user033,1,93.26089730273904,1,3,0
2025-06-26 19:26:42,user010,8,98.69654273750963,7,11,1
2025-06-26 19:27:42,user016,2,66.05522652244908,4,1,0
2025-06-26 19:28:42,user046,0,5.7744123411371495,2,9,0
2025-06-26 19:29:42,user033,1,89.8096912237051,0,7,0
2025-06-26 19:30:42,user049,6,83.2782615223944,13,12,1
2025-06-26 19:31:42,user021,1,42.29420440836662,3,8,0
2025-06-26 19:32:42,user026,0,35.93717299228742,0,3,0
2025-06-26 19:33:42,user011,0,21.306988629313864,1,1,0
2025-06-26 19:34:42,user037,14,89.78836543321852,14,11,1
2025-06-26 19:35:42,user005,0,18.798203441448834,3,1,0
2025-06-26 19:36:42,user028,2,45.01371248692751,0,5,0
2025-06-26 19:37:42,user031,11,95.43481563384192,13,13,1
2025-06-26 19:38:42,user006,0,53.86104264011375,1,6,0
2025-06-26 19:39:42,user018,1,44.225774215616156,1,5,0
2025-06-26 19:40:42,user021,14,88.10342954538437,9,5,1
2025-06-26 19:41:42,user027,0,36.23683189719283,3,1,0
2025-06-26 19:42:42,user035,1,12.608940508793118,2,8,0
2025-06-26 19:43:42,user019,5,84.38114023588686,13,13,1
2025-06-26 19:44:42,user025,1,42.11429656507569,2,4,0
2025-06-26 19:45:42,user023,1,64.7703502804136,2,4,0
2025-06-26 19:46:42,user038,1,81.46778199996241,1,3,0
2025-06-26 19:47:42,user016,1,77.35766325599805,2,6,0
2025-06-26 19:48:42,user004,11,83.61797881628264,6,8,1
2025-06-26 19:49:42,user021,0,11.632852764123427,4,1,0
2025-06-26 19:50:42,user029,0,15.67945120773607,0,5,0
2025-06-26 19:51:42,user013,4,5.368515857802247,4,6,0
2025-06-26 19:52:42,user008,0,34.21994074438356,2,9,0
2025-06-26 19:53:42,user003,14,93.49118634039871,5,17,1
2025-06-26 19:54:42,user040,6,88.54848985394662,12,6,1
2025-06-26 19:55:42,user033,1,74.7864660979609,0,2,0
2025-06-26 19:56:42,user006,14,81.86840782373571,12,6,1
2025-06-26 19:57:42,user019,0,8.45766018359221,1,2,0
2025-06-26 19:58:42,user016,1,64.32551571727674,3,9,0
2025-06-26 19:59:42,user033,9,92.09113931806351,10,12,1
2025-06-26 20:00:42,user014,6,87.11506708728444,13,19,1
2025-06-26 20:01:42,user007,2,22.138083136416256,1,9,0
2025-06-26 20:02:42,user050,1,63.34691361442078,4,4,0
2025-06-26 20:03:42,user015,1,11.812300312157195,4,4,0
2025-06-26 20:04:42,user006,2,91.68139372068143,2,2,0
2025-06-26 20:05:42,user040,2,79.26074191630023,3,2,0
2025-06-26 20:06:42,user013,14,92.71568374387985,7,11,1
2025-06-26 20:07:42,user041,0,7.774664518648895,2,2,0
2025-06-26 20:08:42,user010,6,92.71444429041422,14,7,1
2025-06-26 20:09:42,user021,0,81.7007192260433,0,0,0
2025-06-26 20:10:42,user008,1,62.19491789845641,2,1,0
2025-06-26 20:11:42,user003,2,71.86318189567542,1,1,0
2025-06-26 20:12:42,user037,12,89.88182914910129,5,10,1
2025-06-26 20:13:42,user004,10,83.92849974809144,14,18,1
2025-06-26 20:14:42,user050,1,16.76067593518239,3,7,0
2025-06-26 20:15:42,user001,0,44.126766625490575,4,6,0
2025-06-26 20:16:42,user023,3,88.51216771948742,2,1,0
2025-06-26 20:17:42,user021,3,80.1601111306313,1,0,0
2025-06-26 20:18:42,user034,10,83.06757546205569,11,10,1
2025-06-26 20:19:42,user037,1,80.73101665004062,1,3,0
2025-06-26 20:20:42,user002,10,80.24164105216872,13,6,1
2025-06-26 20:21:42,user013,1,42.81357530517023,3,1,0
2025-06-26 20:22:42,user044,0,89.43599195846444,0,0,0
2025-06-26 20:23:42,user021,0,29.949176281026503,2,2,0
2025-06-26 20:24:42,user027,11,83.34553684586783,8,10,1
2025-06-26 20:25:42,user004,3,37.56771662498522,3,7,0
2025-06-26 20:26:42,user006,14,97.53423850970688,6,18,1
2025-06-26 20:27:42,user031,11,96.37810272017448,13,9,1
2025-06-26 20:28:42,user013,1,62.7645542909251,1,9,0
2025-06-26 20:29:42,user036,0,52.96358557935169,3,0,0
2025-06-26 20:30:42,user020,8,96.22371425314094,7,6,1
2025-06-26 20:31:42,user014,2,66.22812517589165,4,3,0
2025-06-26 20:32:42,user041,0,92.9170010891343,3,0,0
2025-06-26 20:33:42,user021,14,98.42386006552326,6,14,1
2025-06-26 20:34:42,user016,2,69.72133511187944,2,5,0
2025-06-26 20:35:42,user043,1,60.09374964046404,2,6,0
2025-06-26 20:36:42,user015,2,26.172507848491083,1,3,0
2025-06-26 20:37:42,user033,0,18.626638560299295,3,7,0
2025-06-26 20:38:42,user047,0,20.92006382197725,0,2,0
2025-06-26 20:39:42,user014,12,89.23287405315234,6,6,1
2025-06-26 20:40:42,user004,9,85.25088430543528,8,12,1
2025-06-26 20:41:42,user045,11,91.57931504937241,13,15,1
2025-06-26 20:42:42,user011,1,61.49532077317444,2,0,0
2025-06-26 20:43:42,user024,1,14.475126532873961,2,6,0
2025-06-26 20:44:42,user036,1,62.83266659075183,3,0,0
2025-06-26 20:45:42,user021,5,81.23525437500562,6,14,1
2025-06-26 20:46:42,user010,0,34.212408609707765,3,9,0
2025-06-26 20:47:42,user016,1,82.48955933691227,1,6,0
2025-06-26 20:48:42,user002,1,40.17821169516415,4,8,0
2025-06-26 20:49:42,user013,0,82.49382852860141,0,9,0
2025-06-26 20:50:42,user040,1,58.76504882891377,1,1,0
2025-06-26 20:51:42,user035,1,48.25908460907016,2,2,0
2025-06-26 20:52:42,user009,13,97.95282220722397,12,13,1
2025-06-26 20:53:42,user034,1,28.866788689537184,3,0,0
2025-06-26 20:54:42,user024,0,6.040867235194596,4,8,0
2025-06-26 20:55:42,user023,2,46.39121497132564,0,4,0
2025-06-26 20:56:42,user029,2,23.57297942303783,1,2,0
2025-06-26 20:57:42,user029,0,50.321910412144355,3,4,0
2025-06-26 20:58:42,user001,1,16.498828326304064,4,5,0
2025-06-26 20:59:42,user020,1,5.933779247407598,0,2,0
2025-06-26 21:00:42,user025,1,10.983983288190387,0,0,0
2025-06-26 21:01:42,user036,0,64.44424056107093,1,0,0
2025-06-26 21:02:42,user041,1,87.454344838724,0,9,0
2025-06-26 21:03:42,user050,0,43.720188953831844,0,4,0
2025-06-26 21:04:42,user035,0,14.010637432039616,3,5,0
2025-06-26 21:05:42,user023,1,52.3826829601618,4,8,0
2025-06-26 21:06:42,user019,2,88.97291201699946,2,7,0
2025-06-26 21:07:42,user016,5,81.13686251324188,10,12,1
2025-06-26 21:08:42,user016,6,86.54044855834252,5,14,1
2025-06-26 21:09:42,user019,1,80.71616209922342,0,9,0
2025-06-26 21:10:42,user007,3,47.641821352857754,1,9,0
2025-06-26 21:11:42,user004,1,68.83164077887281,3,4,0
2025-06-26 21:12:42,user014,6,80.53860948503902,11,9,1
2025-06-26 21:13:42,user026,10,99.68714711736536,6,7,1
2025-06-26 21:14:42,user034,8,97.18587204273628,14,5,1
2025-06-26 21:15:42,user016,6,95.26032084128775,8,18,1
2025-06-26 21:16:42,user008,0,67.72742733003794,3,3,0
2025-06-26 21:17:42,user019,2,52.3636816903362,1,0,0
2025-06-26 21:18:42,user041,3,86.82202681022416,1,8,0
2025-06-26 21:19:42,user039,0,76.97166926481464,0,8,0
2025-06-26 21:20:42,user014,1,5.34952366376404,4,5,0
2025-06-26 21:21:42,user028,6,83.88070117961583,11,18,1
2025-06-26 21:22:42,user048,0,35.02460413824241,3,2,0
2025-06-26 21:23:42,user019,0,11.80191776846036,2,2,0
2025-06-26 21:24:42,user002,2,30.811702858443766,1,6,0
2025-06-26 21:25:42,user004,2,48.526356735071126,2,4,0
2025-06-26 21:26:42,user013,1,56.46826001749682,0,1,0
2025-06-26 21:27:42,user040,14,83.68075274300301,6,7,1
2025-06-26 21:28:42,user049,8,99.83210216942743,13,15,1
2025-06-26 21:29:42,user012,0,84.66596480569848,4,3,0
2025-06-26 21:30:42,user023,0,62.23533842823951,1,7,0
2025-06-26 21:31:42,user006,2,10.196306133904473,0,7,0
2025-06-26 21:32:42,user035,1,43.958058022110066,0,6,0
2025-06-26 21:33:42,user042,6,99.93784772266682,11,13,1
2025-06-26 21:34:42,user004,8,96.26020029189854,14,19,1
2025-06-26 21:35:42,user013,0,21.276268170004816,4,9,0
2025-06-26 21:36:42,user035,0,40.164834361193805,0,2,0
2025-06-26 21:37:42,user024,12,99.9296297540311,8,14,1
2025-06-26 21:38:42,user021,0,89.57475112759978,4,7,0
2025-06-26 21:39:42,user048,1,81.06619166509064,4,6,0
2025-06-26 21:40:42,user043,9,87.31712907516845,5,18,1
2025-06-26 21:41:42,user028,1,49.727912989595914,2,3,0
2025-06-26 21:42:42,user049,3,60.71070999260106,4,2,0
2025-06-26 21:43:42,user004,10,97.37586230647963,7,7,1
2025-06-26 21:44:42,user003,3,63.51504964920373,3,9,0
2025-06-26 21:45:42,user004,0,34.88040503901527,1,6,0
2025-06-26 21:46:42,user036,1,57.73469032123135,0,9,0
2025-06-26 21:47:42,user013,2,5.6754461134299525,3,9,0
2025-06-26 21:48:42,user012,9,96.1802960952688,12,10,1
2025-06-26 21:49:42,user010,8,87.43143913499358,12,19,1
2025-06-26 21:50:42,user044,3,84.92481563276613,0,9,0
2025-06-26 21:51:42,user037,8,85.19175191426203,11,13,1
2025-06-26 21:52:42,user046,1,14.448595332538531,0,9,0
2025-06-26 21:53:42,user047,0,84.27413912134784,1,3,0
2025-06-26 21:54:42,user029,2,86.02541081523324,2,7,0
2025-06-26 21:55:42,user006,1,53.94598070953304,1,4,0
2025-06-26 21:56:42,user011,13,85.96470421200266,5,12,1
2025-06-26 21:57:42,user038,0,8.092958300414825,1,1,0
2025-06-26 21:58:42,user019,7,97.56803296237413,13,6,1
2025-06-26 21:59:42,user017,6,98.78018179785093,7,17,1
2025-06-26 22:00:42,user010,0,84.76846057360112,0,1,0
2025-06-26 22:01:42,user043,11,84.84306610044598,14,10,1
2025-06-26 22:02:42,user028,3,92.81990935947924,0,5,0
2025-06-26 22:03:42,user011,14,91.60406124273764,9,6,1
2025-06-26 22:04:42,user030,2,14.85554037899876,3,3,0
2025-06-26 22:05:42,user031,14,95.01605672973801,8,13,1
2025-06-26 22:06:42,user024,0,14.87538827291997,1,4,0
2025-06-26 22:07:42,user001,5,80.0020825857901,9,8,1
2025-06-26 22:08:42,user028,1,93.59246623505024,4,0,0
2025-06-26 22:09:42,user036,0,46.536978213979054,2,1,0
2025-06-26 22:10:42,user039,1,58.25676879828702,0,2,0
2025-06-26 22:11:42,user002,0,54.80216345985079,0,7,0
2025-06-26 22:12:42,user026,11,98.40210693451161,6,5,1
2025-06-26 22:13:42,user035,1,5.4363558878218115,2,3,0
2025-06-26 22:14:42,user010,5,98.9818219441816,6,15,1
2025-06-26 22:15:42,user036,8,89.89945909123536,8,13,1
2025-06-26 22:16:42,user006,0,41.278972214553704,2,3,0
2025-06-26 22:17:42,user022,0,12.853655046750859,0,2,0
2025-06-26 22:18:42,user046,2,89.55312618943546,0,6,0
2025-06-26 22:19:42,user036,2,19.513474431783102,3,9,0
2025-06-26 22:20:42,user036,11,92.92089806574802,12,18,1
2025-06-26 22:21:42,user017,0,22.680640380624137,4,4,0
2025-06-26 22:22:42,user011,1,70.67260432307232,3,5,0
2025-06-26 22:23:42,user015,2,92.65451822240787,2,6,0
2025-06-26 22:24:42,user022,0,47.714087439073616,3,0,0
2025-06-26 22:25:42,user010,2,53.56125424080095,0,5,0
2025-06-26 22:26:42,user040,3,15.022787938871518,1,4,0
2025-06-26 22:27:42,user042,9,96.39754590273397,14,18,1
2025-06-26 22:28:42,user019,10,83.59341293240665,12,13,1
2025-06-26 22:29:42,user046,9,81.20712903909497,5,9,1
2025-06-26 22:30:42,user001,0,91.78843767920249,3,4,0
2025-06-26 22:31:42,user016,1,9.050376386905626,4,1,0
2025-06-26 22:32:42,user002,2,20.78696371161669,0,5,0
2025-06-26 22:33:42,user018,6,96.34368719924684,5,15,1
2025-06-26 22:34:42,user048,3,24.806047489823502,1,2,0
2025-06-26 22:35:42,user020,1,46.89784130176058,1,6,0
2025-06-26 22:36:42,user048,10,98.71334864619412,14,11,1
2025-06-26 22:37:42,user041,8,96.36344431145116,11,14,1
2025-06-26 22:38:42,user038,0,61.26166842370106,3,6,0
2025-06-26 22:39:42,user050,0,47.00064343505431,4,3,0
2025-06-26 22:40:42,user016,1,55.68215523903974,4,3,0
2025-06-26 22:41:42,user026,0,71.89981779058623,3,8,0
2025-06-26 22:42:42,user027,1,78.19928357379327,3,2,0
2025-06-26 22:43:42,user019,3,11.699483612327336,2,2,0
2025-06-26 22:44:42,user002,1,26.286804881406805,4,1,0
2025-06-26 22:45:42,user017,0,46.68542264348931,1,2,0
2025-06-26 22:46:42,user001,1,24.639849970703033,3,0,0
2025-06-26 22:47:42,user003,0,8.700346809826826,4,2,0
2025-06-26 22:48:42,user038,2,62.31858911053052,2,8,0
2025-06-26 22:49:42,user027,1,7.103885636440842,4,4,0
2025-06-26 22:50:42,user021,10,84.0951533829976,12,10,1
2025-06-26 22:51:42,user032,1,36.11619644353147,3,7,0
2025-06-26 22:52:42,user028,1,66.97892299683448,4,2,0
2025-06-26 22:53:42,user027,2,76.67163641892057,4,6,0
2025-06-26 22:54:42,user030,12,93.21891462678622,7,11,1
2025-06-26 22:55:42,user026,12,83.03288491905849,14,14,1
2025-06-26 22:56:42,user047,9,91.00898486024194,12,13,1
2025-06-26 22:57:42,user001,5,97.8492447924223,12,8,1
2025-06-26 22:58:42,user004,2,32.58147267915111,2,0,0
2025-06-26 22:59:42,user001,0,11.590748255467414,4,5,0
2025-06-26 23:00:42,user015,8,86.36743401087534,7,18,1
2025-06-26 23:01:42,user009,6,94.64455077314638,13,6,1
2025-06-26 23:02:42,user042,0,42.352915313638746,1,4,0
2025-06-26 23:03:42,user040,1,82.20842119867199,3,9,0
2025-06-26 23:04:42,user011,0,54.13092916210626,0,4,0
2025-06-26 23:05:42,user041,0,79.36386696230525,4,3,0
2025-06-26 23:06:42,user019,1,22.668572855135377,3,5,0
2025-06-26 23:07:42,user005,1,94.93177416599173,4,8,0
2025-06-26 23:08:42,user014,5,93.57308163066403,9,19,1
2025-06-26 23:09:42,user042,0,42.68806212354272,1,9,0
2025-06-26 23:10:42,user034,7,96.68774764699398,8,18,1
2025-06-26 23:11:42,user015,7,87.78117015738098,12,13,1
2025-06-26 23:12:42,user012,14,86.13306579078744,13,13,1
2025-06-26 23:13:42,user041,2,78.9266996937894,0,4,0
2025-06-26 23:14:42,user033,6,92.33847414062639,11,19,1
2025-06-26 23:15:42,user025,1,74.25249533890737,0,1,0
2025-06-26 23:16:42,user002,6,81.93531460307256,7,9,1
2025-06-26 23:17:42,user013,12,97.69303298309912,11,6,1
2025-06-26 23:18:42,user010,0,88.96758365752676,0,5,0
2025-06-26 23:19:42,user010,1,56.63607127323557,4,4,0
2025-06-26 23:20:42,user048,0,66.42829164332142,0,8,0
2025-06-26 23:21:42,user026,1,90.39492802823457,2,6,0
2025-06-26 23:22:42,user015,1,41.60605588531714,2,1,0
2025-06-26 23:23:42,user007,6,97.46174867032187,8,14,1
2025-06-26 23:24:42,user023,0,54.614761239237914,0,8,0
2025-06-26 23:25:42,user010,5,97.11822805319832,7,8,1
2025-06-26 23:26:42,user037,14,99.94599486258934,12,5,1
2025-06-26 23:27:42,user023,1,51.00597468674716,4,6,0
2025-06-26 23:28:42,user048,0,28.099928140886714,2,6,0
2025-06-26 23:29:42,user029,2,74.11857141321127,4,3,0
2025-06-26 23:30:42,user002,2,81.89778587195028,3,2,0
2025-06-26 23:31:42,user011,1,8.383684566673718,3,1,0
2025-06-26 23:32:42,user016,1,82.17257509915183,4,3,0
2025-06-26 23:33:42,user020,0,66.83558956704334,3,3,0
2025-06-26 23:34:42,user017,0,73.5291395714651,4,4,0
2025-06-26 23:35:42,user030,0,28.053438799274833,3,3,0
2025-06-26 23:36:42,user014,1,13.686655439590362,1,8,0
2025-06-26 23:37:42,user036,1,50.327704042118036,4,0,0
2025-06-26 23:38:42,user005,0,61.19148673655297,3,9,0
2025-06-26 23:39:42,user019,1,8.24423302091697,0,0,0
2025-06-26 23:40:42,user011,13,99.85252882027962,6,17,1
2025-06-26 23:41:42,user019,1,78.36682514114993,2,5,0
2025-06-26 23:42:42,user030,0,31.633649596109212,3,4,0
2025-06-26 23:43:42,user005,2,43.308367622164845,0,5,0
2025-06-26 23:44:42,user004,2,37.96521601861492,2,9,0
2025-06-26 23:45:42,user028,0,66.3678002341725,3,4,0
2025-06-26 23:46:42,user047,0,34.33130391408065,1,2,0
2025-06-26 23:47:42,user002,0,85.6724041632655,0,0,0
2025-06-26 23:48:42,user025,1,27.70707999582725,2,5,0
2025-06-26 23:49:42,user002,0,88.87664583249381,3,5,0
2025-06-26 23:50:42,user043,1,78.51196683084686,1,0,0
2025-06-26 23:51:42,user049,1,48.17353549294307,3,9,0
2025-06-26 23:52:42,user018,0,8.517889803194025,1,2,0
2025-06-26 23:53:42,user048,1,31.9167318370535,2,5,0
2025-06-26 23:54:42,user030,8,93.6203589918176,9,7,1
2025-06-26 23:55:42,user045,1,75.66019806508501,1,8,0
2025-06-26 23:56:42,user007,13,81.21852146502614,9,17,1
2025-06-26 23:57:42,user019,1,84.11752717412854,3,2,0
2025-06-26 23:58:42,user002,10,92.09631444979813,11,11,1
2025-06-26 23:59:42,user038,7,85.8449876863893,13,7,1
2025-06-27 00:00:42,user025,0,66.83167536764904,1,6,0
2025-06-27 00:01:42,user016,0,47.53218835162023,1,0,0
2025-06-27 00:02:42,user022,1,21.901548079011906,0,8,0
2025-06-27 00:03:42,user042,2,34.589144673892264,2,7,0
2025-06-27 00:04:42,user003,0,67.5779667658444,3,5,0
2025-06-27 00:05:42,user035,8,88.42920946003119,5,15,1
2025-06-27 00:06:42,user039,2,82.35876378465855,4,1,0
2025-06-27 00:07:42,user050,0,67.82639644966969,2,8,0
2025-06-27 00:08:42,user023,0,72.04806502207639,3,3,0
2025-06-27 00:09:42,user028,11,90.73079501158286,5,12,1
2025-06-27 00:10:42,user025,12,84.58526918930205,9,7,1
2025-06-27 00:11:42,user004,0,92.55487488169055,3,5,0
2025-06-27 00:12:42,user011,0,22.33559156410105,1,8,0
2025-06-27 00:13:42,user030,7,81.04590202957175,10,7,1
2025-06-27 00:14:42,user008,2,16.34757737357456,4,6,0
2025-06-27 00:15:42,user007,3,40.909311204678794,4,4,0
2025-06-27 00:16:42,user050,3,20.781535591237837,1,7,0
2025-06-27 00:17:42,user046,0,43.79130480915081,0,6,0
2025-06-27 00:18:42,user008,2,8.3859492653501,2,5,0
2025-06-27 00:19:42,user015,0,74.97596905432827,3,8,0
2025-06-27 00:20:42,user015,0,50.019967640922154,4,1,0
2025-06-27 00:21:42,user044,0,23.87365821303037,2,4,0
2025-06-27 00:22:42,user017,8,87.67936320164685,8,16,1
2025-06-27 00:23:42,user029,0,42.79747698578776,0,3,0
2025-06-27 00:24:42,user017,2,32.3926297957347,2,1,0
2025-06-27 00:25:42,user025,12,83.21194042962856,12,9,1
2025-06-27 00:26:42,user047,0,82.43770658762561,3,0,0
2025-06-27 00:27:42,user032,1,53.1414403268436,0,3,0
2025-06-27 00:28:42,user021,5,91.31419435350368,5,9,1
2025-06-27 00:29:42,user012,9,88.58094757088482,10,9,1
2025-06-27 00:30:42,user037,1,15.609247194176007,0,2,0
2025-06-27 00:31:42,user041,0,74.71604818110966,3,3,0
2025-06-27 00:32:42,user023,0,80.09831706546579,4,8,0
2025-06-27 00:33:42,user022,13,91.95103275817709,8,19,1
2025-06-27 00:34:42,user044,2,80.64228051238207,3,2,0
2025-06-27 00:35:42,user021,0,70.89661593209019,4,7,0
2025-06-27 00:36:42,user048,0,81.14724524716881,1,1,0
2025-06-27 00:37:42,user002,0,83.72739585125942,4,2,0
2025-06-27 00:38:42,user030,6,92.16384415406091,9,13,1
2025-06-27 00:39:42,user030,2,6.9800395596563325,4,9,0
2025-06-27 00:40:42,user020,1,47.838027724454435,1,1,0
2025-06-27 00:41:42,user045,12,80.03797846941114,7,10,1
2025-06-27 00:42:42,user011,13,91.02826856467394,9,7,1
2025-06-27 00:43:42,user012,9,90.88809737474305,11,10,1
2025-06-27 00:44:42,user029,11,83.42056717051109,12,17,1
2025-06-27 00:45:42,user039,3,24.444611768820625,1,6,0
2025-06-27 00:46:42,user023,1,36.574610932211996,3,7,0
2025-06-27 00:47:42,user033,0,11.570852525047293,1,0,0
2025-06-27 00:48:42,user032,0,49.76435218358028,2,2,0
2025-06-27 00:49:42,user035,5,98.82699434580519,10,12,1
2025-06-27 00:50:42,user046,0,33.099015341620486,2,0,0
2025-06-27 00:51:42,user021,2,87.59985654136277,2,3,0
2025-06-27 00:52:42,user031,6,96.18597997620519,13,13,1
2025-06-27 00:53:42,user027,2,92.79467462212327,0,2,0
2025-06-27 00:54:42,user020,11,84.29500598826766,6,14,1
2025-06-27 00:55:42,user003,0,63.87360683684656,0,8,0
2025-06-27 00:56:42,user039,2,29.360018523454407,1,6,0
2025-06-27 00:57:42,user032,1,28.51747521142009,4,2,0
2025-06-27 00:58:42,user016,1,15.8682354559042,2,2,0
2025-06-27 00:59:42,user002,1,71.9634685786772,3,5,0
2025-06-27 01:00:42,user049,0,83.96981885649437,1,4,0
2025-06-27 01:01:42,user005,1,29.788932932086166,0,7,0
2025-06-27 01:02:42,user043,1,94.61054277559245,0,2,0
2025-06-27 01:03:42,user014,3,50.789684599634896,2,3,0
2025-06-27 01:04:42,user002,0,12.332424864382817,0,2,0
2025-06-27 01:05:42,user042,1,70.84030418813433,1,7,0
2025-06-27 01:06:42,user002,3,82.85002277004209,3,9,0
2025-06-27 01:07:42,user002,1,20.007319966292386,0,6,0
2025-06-27 01:08:42,user050,7,83.85310151214786,9,12,1
2025-06-27 01:09:42,user001,2,15.955598397502296,2,8,0
2025-06-27 01:10:42,user002,1,84.46929315034367,2,9,0
2025-06-27 01:11:42,user031,13,88.41585863835753,14,12,1
2025-06-27 01:12:42,user027,1,55.60386118349488,2,0,0
2025-06-27 01:13:42,user043,2,50.87583408260465,2,1,0
2025-06-27 01:14:42,user008,1,56.50358706741574,0,9,0
2025-06-27 01:15:42,user004,0,55.529236024801854,0,0,0
2025-06-27 01:16:42,user003,1,19.218056343527223,1,2,0
2025-06-27 01:17:42,user039,0,14.79960784760208,0,6,0
2025-06-27 01:18:42,user026,6,82.67415615592417,11,6,1
2025-06-27 01:19:42,user019,0,55.35460669972605,0,2,0
2025-06-27 01:20:42,user007,3,67.29070528129222,2,6,0
2025-06-27 01:21:42,user014,3,57.77524198742759,1,5,0
2025-06-27 01:22:42,user032,2,26.133712900710403,2,5,0
2025-06-27 01:23:42,user037,1,18.94283387560058,3,3,0
2025-06-27 01:24:42,user039,0,94.69695960268503,2,3,0
2025-06-27 01:25:42,user033,1,14.274670019142771,1,5,0
2025-06-27 01:26:42,user013,12,99.96673526146695,9,5,1
2025-06-27 01:27:42,user012,1,23.1213567090499,2,9,0
2025-06-27 01:28:42,user049,1,33.54759013257296,2,4,0
2025-06-27 01:29:42,user039,0,56.669854193167446,0,1,0
2025-06-27 01:30:42,user019,0,54.367123835300816,4,9,0
2025-06-27 01:31:42,user036,8,86.25581298407224,12,7,1
2025-06-27 01:32:42,user014,1,44.21865598291083,1,4,0
2025-06-27 01:33:42,user003,7,99.33135909155689,8,13,1
2025-06-27 01:34:42,user004,2,45.20676528171469,2,8,0
2025-06-27 01:35:42,user014,3,48.05840526383919,2,2,0
2025-06-27 01:36:42,user004,8,85.8280147689538,10,18,1
2025-06-27 01:37:42,user016,1,43.03075632419845,0,9,0
2025-06-27 01:38:42,user014,12,89.82974119436352,9,15,1
2025-06-27 01:39:42,user014,2,36.98220618694048,0,1,0
2025-06-27 01:40:42,user009,2,34.142159772771706,1,9,0
2025-06-27 01:41:42,user019,14,84.70343936843592,5,7,1
2025-06-27 01:42:42,user045,0,43.33257220695429,0,1,0
2025-06-27 01:43:42,user032,7,80.37145031001612,5,15,1
2025-06-27 01:44:42,user016,0,74.05138014636876,3,3,0
2025-06-27 01:45:42,user039,2,78.67960114992867,3,5,0
2025-06-27 01:46:42,user012,1,42.25803535338721,3,6,0
2025-06-27 01:47:42,user026,2,32.75869270567273,3,2,0
2025-06-27 01:48:42,user003,0,25.060321821755448,0,0,0
2025-06-27 01:49:42,user008,3,5.974081348724642,2,4,0
2025-06-27 01:50:42,user011,0,38.14921417815293,2,8,0
2025-06-27 01:51:42,user004,0,58.090423115565855,3,9,0
2025-06-27 01:52:42,user012,0,86.2718709348693,0,5,0
2025-06-27 01:53:42,user028,0,10.173386639597645,0,1,0
2025-06-27 01:54:42,user027,14,89.85321256468627,13,10,1
2025-06-27 01:55:42,user034,1,17.036411401086063,4,0,0
2025-06-27 01:56:42,user025,8,99.64814582716849,10,9,1
2025-06-27 01:57:42,user030,0,51.75250979362488,4,7,0
2025-06-27 01:58:42,user006,12,92.45013203718395,12,11,1
2025-06-27 01:59:42,user042,2,60.50857711573723,3,2,0
2025-06-27 02:00:42,user002,1,60.033176261916495,4,0,0
2025-06-27 02:01:42,user007,0,19.267973078294453,1,4,0
2025-06-27 02:02:42,user022,0,59.59711179041751,4,9,0
2025-06-27 02:03:42,user011,5,87.41523822758462,8,6,1
2025-06-27 02:04:42,user049,11,80.16481098664833,12,13,1
2025-06-27 02:05:42,user022,0,69.54269325031063,0,2,0
2025-06-27 02:06:42,user044,0,6.859136920546599,1,9,0
2025-06-27 02:07:42,user030,0,23.102013698355027,3,1,0
2025-06-27 02:08:42,user026,2,88.40273192243687,0,0,0
2025-06-27 02:09:42,user023,0,85.28238801955942,4,5,0
2025-06-27 02:10:42,user032,3,94.27846815643446,2,0,0
2025-06-27 02:11:42,user013,0,28.839257052949595,4,5,0
2025-06-27 02:12:42,user024,0,15.761131329706155,3,7,0
2025-06-27 02:13:42,user016,0,88.1097183857074,4,8,0
2025-06-27 02:14:42,user033,0,37.60608729082057,0,5,0
2025-06-27 02:15:42,user014,1,38.86894537025096,0,9,0
2025-06-27 02:16:42,user028,9,82.89377242609883,11,13,1
2025-06-27 02:17:42,user007,0,23.141755106912317,0,4,0
2025-06-27 02:18:42,user029,1,71.53829874463517,4,6,0
2025-06-27 02:19:42,user041,14,95.21708260063602,5,16,1
2025-06-27 02:20:42,user036,7,90.10785538619302,9,6,1
2025-06-27 02:21:42,user011,2,55.3013289928106,0,0,0
2025-06-27 02:22:42,user014,10,87.69795301650078,6,18,1
2025-06-27 02:23:42,user035,11,82.49030635765853,8,11,1
2025-06-27 02:24:42,user044,1,91.18591543242044,0,1,0
2025-06-27 02:25:42,user017,1,92.25559891817073,3,8,0
2025-06-27 02:26:42,user022,2,70.86077511717026,3,7,0
2025-06-27 02:27:42,user020,8,96.05594479669307,7,6,1
2025-06-27 02:28:42,user008,1,24.289167891095175,3,5,0
2025-06-27 02:29:42,user047,2,59.63223717472421,0,4,0
2025-06-27 02:30:42,user002,5,94.97207507034003,14,19,1
2025-06-27 02:31:42,user049,0,57.099140293357124,4,0,0
2025-06-27 02:32:42,user036,0,54.25589173651809,0,5,0
2025-06-27 02:33:42,user007,0,72.87110003557665,1,5,0
2025-06-27 02:34:42,user003,2,34.07188175617081,2,2,0
2025-06-27 02:35:42,user026,11,89.24757700580271,9,10,1
2025-06-27 02:36:42,user012,0,19.88156371449384,3,8,0
2025-06-27 02:37:42,user021,3,9.408652527263932,1,9,0
2025-06-27 02:38:42,user006,10,99.79182005234975,13,9,1
2025-06-27 02:39:42,user048,1,71.69036789710188,1,1,0
2025-06-27 02:40:42,user041,0,48.81428982891131,3,3,0
2025-06-27 02:41:42,user035,3,79.32964194604988,0,3,0
2025-06-27 02:42:42,user040,2,22.048123401224423,2,7,0
2025-06-27 02:43:42,user030,0,34.17417660923077,4,2,0
2025-06-27 02:44:42,user021,7,93.76784959257326,8,13,1
2025-06-27 02:45:42,user030,1,35.16762405049961,4,4,0
2025-06-27 02:46:42,user027,1,38.51331866460993,1,5,0
2025-06-27 02:47:42,user006,1,11.85744261481099,3,5,0
2025-06-27 02:48:42,user014,0,27.876585825952425,0,4,0
2025-06-27 02:49:42,user040,6,98.94134898232849,10,17,1
2025-06-27 02:50:42,user049,0,39.818073574712585,4,2,0
2025-06-27 02:51:42,user022,6,82.86918323691788,5,7,1
2025-06-27 02:52:42,user027,9,90.52950033877647,6,15,1
2025-06-27 02:53:42,user017,0,45.12490911029031,2,2,0
2025-06-27 02:54:42,user005,1,75.33766880270603,0,9,0
2025-06-27 02:55:42,user020,1,86.25097446405672,3,2,0
2025-06-27 02:56:42,user036,11,96.58310659435242,14,18,1
2025-06-27 02:57:42,user010,5,81.6524886396935,7,17,1
2025-06-27 02:58:42,user040,0,36.78818450678602,2,5,0
2025-06-27 02:59:42,user040,5,88.80482390158122,8,13,1
2025-06-27 03:00:42,user014,0,27.58408976555634,4,0,0
2025-06-27 03:01:42,user019,0,84.91532429668332,4,4,0
2025-06-27 03:02:42,user001,0,26.904122633537508,0,7,0
2025-06-27 03:03:42,user012,7,84.83862484785779,6,17,1
2025-06-27 03:04:42,user035,6,87.82938348460623,11,5,1
2025-06-27 03:05:42,user050,1,57.561993289351854,4,2,0
2025-06-27 03:06:42,user008,1,90.23461077664574,1,6,0
2025-06-27 03:07:42,user014,0,91.12398339452143,1,1,0
2025-06-27 03:08:42,user022,14,86.38277689599153,6,19,1
2025-06-27 03:09:42,user044,14,85.28143822590835,13,5,1
2025-06-27 03:10:42,user002,8,99.73323835684776,13,10,1
2025-06-27 03:11:42,user030,1,27.980076455431124,2,6,0
2025-06-27 03:12:42,user019,0,72.28622605131999,1,3,0
2025-06-27 03:13:42,user008,0,86.2081764254104,3,4,0
2025-06-27 03:14:42,user045,6,96.66721414014373,13,16,1
2025-06-27 03:15:42,user046,0,78.39179807548786,4,9,0
2025-06-27 03:16:42,user044,1,57.32503019946602,3,1,0
2025-06-27 03:17:42,user040,2,75.4775874436029,0,7,0
2025-06-27 03:18:42,user013,11,97.47744943881601,9,14,1
2025-06-27 03:19:42,user026,10,92.25559967126459,13,15,1
2025-06-27 03:20:42,user012,2,20.975420477765518,3,5,0
2025-06-27 03:21:42,user004,6,99.7308354361153,12,13,1
2025-06-27 03:22:42,user012,0,62.91675575401811,3,8,0
2025-06-27 03:23:42,user022,0,43.44323554528306,1,8,0
2025-06-27 03:24:42,user030,3,56.27791886833277,2,0,0
2025-06-27 03:25:42,user013,0,64.99503678153503,4,6,0
2025-06-27 03:26:42,user015,3,51.07125415811224,1,7,0
2025-06-27 03:27:42,user028,2,35.07070719077621,2,1,0
2025-06-27 03:28:42,user037,0,84.1343185866924,1,8,0
2025-06-27 03:29:42,user046,0,76.29499681313906,1,2,0
2025-06-27 03:30:42,user041,2,23.13723876668389,2,8,0
2025-06-27 03:31:42,user019,2,70.65916368881408,0,9,0
2025-06-27 03:32:42,user033,14,96.80282599850233,7,14,1
2025-06-27 03:33:42,user041,1,50.36463798148797,4,3,0
2025-06-27 03:34:42,user048,0,41.83529485343782,4,5,0
2025-06-27 03:35:42,user011,1,50.22505843226647,4,7,0
2025-06-27 03:36:42,user046,1,33.792175718812544,3,0,0
2025-06-27 03:37:42,user047,13,88.01246951068472,5,8,1
2025-06-27 03:38:42,user014,1,91.3417613598308,3,5,0
2025-06-27 03:39:42,user040,9,95.02380369594727,11,9,1
2025-06-27 03:40:42,user048,3,82.98823165281267,4,7,0
2025-06-27 03:41:42,user006,0,76.83894007876515,3,8,0
2025-06-27 03:42:42,user001,0,33.49399256547872,2,7,0
2025-06-27 03:43:42,user025,0,25.086235417890254,2,7,0
2025-06-27 03:44:42,user025,1,78.1616826710884,3,5,0
2025-06-27 03:45:42,user013,13,98.33520041783665,7,13,1
2025-06-27 03:46:42,user016,1,80.83922400387122,0,0,0
2025-06-27 03:47:42,user039,0,85.41612956000773,1,0,0
2025-06-27 03:48:42,user006,11,86.95186917924818,13,19,1
2025-06-27 03:49:42,user034,2,58.75419473980373,1,4,0
2025-06-27 03:50:42,user049,4,70.84625655671445,4,6,0
2025-06-27 03:51:42,user045,5,86.78553628642621,7,6,1
2025-06-27 03:52:42,user007,0,52.36096031605337,2,9,0
2025-06-27 03:53:42,user046,2,45.03476991006405,4,3,0
2025-06-27 03:54:42,user042,0,62.90583613533475,1,7,0
2025-06-27 03:55:42,user030,0,45.39418124455557,2,9,0
2025-06-27 03:56:42,user041,1,59.98061932861473,1,1,0
2025-06-27 03:57:42,user018,0,73.36656569417782,0,1,0
2025-06-27 03:58:42,user012,2,68.98734955671469,0,1,0
2025-06-27 03:59:42,user034,0,89.68696449131976,2,0,0
2025-06-27 04:00:42,user046,4,39.47795472943616,4,3,0
2025-06-27 04:01:42,user012,2,72.05169278747438,2,6,0
2025-06-27 04:02:42,user012,2,38.67548006334321,1,0,0
2025-06-27 04:03:42,user016,4,92.70876550026946,2,2,0
2025-06-27 04:04:42,user006,5,89.41127833834892,5,9,1
2025-06-27 04:05:42,user006,1,17.612257664052855,4,2,0
2025-06-27 04:06:42,user010,3,70.61239523768774,1,8,0
2025-06-27 04:07:42,user030,8,95.81290931081804,14,18,1
2025-06-27 04:08:42,user007,4,69.49896684993996,0,8,0
2025-06-27 04:09:42,user039,2,65.30161435744625,1,1,0
2025-06-27 04:10:42,user013,0,17.52941194835963,3,8,0
2025-06-27 04:11:42,user025,1,67.97803251627376,0,4,0
2025-06-27 04:12:42,user028,2,73.93485706744518,0,1,0
2025-06-27 04:13:42,user045,5,98.1631600904023,14,16,1
2025-06-27 04:14:42,user020,6,80.8332457841153,6,10,1
2025-06-27 04:15:42,user048,0,73.85348833026022,4,1,0
2025-06-27 04:16:42,user009,1,46.37780137880269,0,6,0
2025-06-27 04:17:42,user032,5,99.99759388234379,6,5,1
2025-06-27 04:18:42,user030,0,44.681406499116726,3,8,0
2025-06-27 04:19:42,user001,3,31.91618592630995,4,2,0
2025-06-27 04:20:42,user039,1,36.93844326992401,3,2,0
2025-06-27 04:21:42,user025,0,89.69586774317104,4,6,0
2025-06-27 04:22:42,user014,1,26.721604200209278,2,5,0
2025-06-27 04:23:42,user042,1,49.75010966176134,1,3,0
2025-06-27 04:24:42,user006,4,31.006589355913608,2,7,0
2025-06-27 04:25:42,user019,9,88.88625446117443,5,14,1
2025-06-27 04:26:42,user043,11,95.43930054202559,8,9,1
2025-06-27 04:27:42,user040,10,85.84370130601401,9,17,1
2025-06-27 04:28:42,user019,11,96.00915688825995,14,12,1
2025-06-27 04:29:42,user047,0,57.49352348438819,2,0,0
2025-06-27 04:30:42,user007,1,20.20685586788391,2,8,0
2025-06-27 04:31:42,user022,14,85.4940635004772,13,13,1
2025-06-27 04:32:42,user046,2,72.08042750215131,1,4,0
2025-06-27 04:33:42,user026,1,6.219981397295812,1,8,0
2025-06-27 04:34:42,user038,1,24.70537532496806,0,4,0
2025-06-27 04:35:42,user015,1,57.49718101119162,0,6,0
2025-06-27 04:36:42,user021,2,22.072666374632437,0,9,0
2025-06-27 04:37:42,user028,0,94.00667730198109,2,5,0
2025-06-27 04:38:42,user027,2,7.871264289122121,2,6,0
2025-06-27 04:39:42,user022,11,99.14316756145391,10,19,1
2025-06-27 04:40:42,user037,0,41.43735459892681,1,7,0
2025-06-27 04:41:42,user014,2,40.67480143179913,0,5,0
2025-06-27 04:42:42,user037,2,50.610013790088104,1,8,0
2025-06-27 04:43:42,user043,10,80.71616917222843,14,7,1
2025-06-27 04:44:42,user048,2,36.60829567936362,1,2,0
2025-06-27 04:45:42,user045,1,23.101358187193142,1,8,0
2025-06-27 04:46:42,user017,0,50.8766501055183,2,9,0
2025-06-27 04:47:42,user002,11,94.35228635122411,12,15,1
2025-06-27 04:48:42,user018,1,25.553970531933324,0,1,0
2025-06-27 04:49:42,user013,0,91.13154766767104,3,9,0
2025-06-27 04:50:42,user044,14,81.90510501493887,5,6,1
2025-06-27 04:51:42,user006,1,53.04831185622031,3,8,0
2025-06-27 04:52:42,user027,6,98.29001366101431,7,16,1
2025-06-27 04:53:42,user024,0,77.12033408532615,4,2,0
2025-06-27 04:54:42,user027,9,86.50416756998902,14,17,1
2025-06-27 04:55:42,user019,0,9.168486496506048,1,8,0
2025-06-27 04:56:42,user006,0,92.34730355386208,1,9,0
2025-06-27 04:57:42,user045,0,60.30963508114932,0,8,0
2025-06-27 04:58:42,user037,10,95.36407252729737,14,6,1
2025-06-27 04:59:42,user022,5,87.78640692030417,12,7,1
2025-06-27 05:00:42,user024,0,40.123489678502935,4,9,0
2025-06-27 05:01:42,user022,1,6.1635159256722,2,1,0
2025-06-27 05:02:42,user005,0,7.680542837722564,3,0,0
2025-06-27 05:03:42,user021,7,82.88726175610307,13,16,1
2025-06-27 05:04:42,user044,7,94.2455318303607,1,1,0
2025-06-27 05:05:42,user018,0,27.29329282748738,4,2,0
2025-06-27 05:06:42,user032,1,8.635731678294105,4,4,0
2025-06-27 05:07:42,user023,11,96.9384905729167,7,15,1
2025-06-27 05:08:42,user030,1,74.16271053789515,3,3,0
2025-06-27 05:09:42,user021,2,85.3969119285822,2,7,0
2025-06-27 05:10:42,user021,0,50.227957456029635,0,1,0
2025-06-27 05:11:42,user023,5,87.66053738488807,6,16,1
2025-06-27 05:12:42,user042,2,47.61974902294026,2,2,0
2025-06-27 05:13:42,user004,1,21.56842264783202,1,4,0
2025-06-27 05:14:42,user046,14,91.17108953345559,13,14,1
2025-06-27 05:15:42,user045,0,50.51011970507303,4,1,0
2025-06-27 05:16:42,user007,14,96.41380385171534,14,13,1
2025-06-27 05:17:42,user021,2,26.303343144114844,3,4,0
2025-06-27 05:18:42,user030,2,64.3585112130599,3,6,0
2025-06-27 05:19:42,user004,0,38.58122634646842,1,5,0
2025-06-27 05:20:42,user001,1,38.29659981855275,4,4,0
2025-06-27 05:21:42,user035,14,90.7195646825366,13,17,1
2025-06-27 05:22:42,user022,1,6.01984907778777,0,0,0
2025-06-27 05:23:42,user030,0,74.41788297281347,4,3,0
2025-06-27 05:24:42,user034,13,99.09575995655557,7,8,1
2025-06-27 05:25:42,user027,2,34.25980129087059,3,0,0
2025-06-27 05:26:42,user036,7,83.10201554404313,8,17,1
2025-06-27 05:27:42,user046,2,86.69163210184672,3,8,0
2025-06-27 05:28:42,user008,5,84.61359755202443,6,8,1
2025-06-27 05:29:42,user011,2,52.52741177746676,3,0,0
2025-06-27 05:30:42,user006,2,44.602844308869436,3,8,0
2025-06-27 05:31:42,user019,10,92.7652503267451,10,11,1
2025-06-27 05:32:42,user002,6,88.42718398320156,7,14,1
2025-06-27 05:33:42,user005,1,94.62675300393796,1,6,0
2025-06-27 05:34:42,user019,1,67.63827475344881,3,5,0
2025-06-27 05:35:42,user031,9,86.52376673816883,5,19,1
2025-06-27 05:36:42,user024,1,54.15755334713136,2,4,0
2025-06-27 05:37:42,user013,8,80.56811344308593,10,11,1
2025-06-27 05:38:42,user009,2,15.12060795428107,3,1,0
2025-06-27 05:39:42,user037,5,84.91825889439619,7,15,1
2025-06-27 05:40:42,user002,0,18.328725842568353,1,3,0
2025-06-27 05:41:42,user036,10,94.08041874615388,9,15,1
2025-06-27 05:42:42,user024,6,94.25631078091914,13,8,1
2025-06-27 05:43:42,user023,10,87.68995948614852,8,12,1
2025-06-27 05:44:42,user042,3,27.265346333210807,4,5,0
2025-06-27 05:45:42,user017,8,93.28626443496836,14,11,1
2025-06-27 05:46:42,user027,9,81.38493765033222,10,9,1
2025-06-27 05:47:42,user015,0,68.9176994630999,3,4,0
2025-06-27 05:48:42,user049,4,9.694147477513598,3,3,0
2025-06-27 05:49:42,user034,2,12.026863718029983,4,7,0
2025-06-27 05:50:42,user006,0,42.74850197821893,0,6,0
2025-06-27 05:51:42,user025,7,96.09975398284611,7,16,1
2025-06-27 05:52:42,user016,6,80.3257083827753,14,9,1
2025-06-27 05:53:42,user002,1,94.1191927755773,2,4,0
2025-06-27 05:54:42,user045,0,10.510977501688329,4,0,0
2025-06-27 05:55:42,user010,14,95.53912080037524,8,5,1
2025-06-27 05:56:42,user034,3,26.82439273104709,3,1,0
2025-06-27 05:57:42,user009,1,5.381202709676693,2,3,0
2025-06-27 05:58:42,user023,1,78.57531467030566,0,3,0
2025-06-27 05:59:42,user042,10,83.68262791127268,11,5,1
2025-06-27 06:00:42,user020,0,25.9546815705274,2,8,0
2025-06-27 06:01:42,user050,0,38.9763799345636,2,7,0
2025-06-27 06:02:42,user024,1,41.36262461850396,4,6,0
2025-06-27 06:03:42,user012,1,74.79038845985215,0,8,0
2025-06-27 06:04:42,user041,1,94.14852505013486,4,1,0
2025-06-27 06:05:42,user036,1,59.448936534302376,2,0,0
2025-06-27 06:06:42,user013,14,97.91023171759122,9,6,1
2025-06-27 06:07:42,user002,0,13.461225813888102,4,1,0
2025-06-27 06:08:42,user002,11,86.53999066591328,9,18,1
2025-06-27 06:09:42,user011,1,13.394738052558463,3,5,0
2025-06-27 06:10:42,user010,8,93.94177633237629,8,8,1
2025-06-27 06:11:42,user008,9,91.10778744747755,12,18,1
2025-06-27 06:12:42,user031,0,6.022792799406554,1,0,0
2025-06-27 06:13:42,user023,1,94.12913578024143,0,1,0
2025-06-27 06:14:42,user043,2,61.36282350888489,3,5,0
2025-06-27 06:15:42,user037,2,81.73835442516955,2,8,0
2025-06-27 06:16:42,user045,0,86.4459753441939,1,5,0
2025-06-27 06:17:42,user039,10,90.97131265688301,12,17,1
2025-06-27 06:18:42,user011,0,59.005785439302976,4,8,0
2025-06-27 06:19:42,user025,0,72.96608835575617,0,8,0
2025-06-27 06:20:42,user036,1,61.72001515234962,4,0,0
2025-06-27 06:21:42,user004,7,87.72491528913909,5,18,1
2025-06-27 06:22:42,user027,0,92.29472816704669,1,7,0
2025-06-27 06:23:42,user042,2,74.49388138597841,2,8,0
2025-06-27 06:24:42,user007,9,96.26930309111069,13,19,1
2025-06-27 06:25:42,user036,8,81.08236626967866,6,7,1
2025-06-27 06:26:42,user041,3,92.18268348338268,2,5,0
2025-06-27 06:27:42,user012,0,57.2392043190136,3,0,0
2025-06-27 06:28:42,user005,12,92.969073457837,5,6,1
2025-06-27 06:29:42,user038,1,38.202635848981025,4,3,0
2025-06-27 06:30:42,user018,0,74.9009683521423,1,1,0
2025-06-27 06:31:42,user009,0,66.35054394090557,1,1,0
2025-06-27 06:32:42,user040,0,27.353323455544864,0,2,0
2025-06-27 06:33:42,user048,1,61.499700533009786,0,3,0
2025-06-27 06:34:42,user009,2,60.63284309470587,2,2,0
2025-06-27 06:35:42,user018,0,83.42266811671809,4,1,0
2025-06-27 06:36:42,user014,1,22.248766869588056,4,5,0
2025-06-27 06:37:42,user003,14,80.82085414711284,6,18,1
2025-06-27 06:38:42,user013,10,95.69188409482058,7,15,1
2025-06-27 06:39:42,user046,0,92.47574311130884,0,2,0
2025-06-27 06:40:42,user009,3,10.806668023527802,2,5,0
2025-06-27 06:41:42,user049,0,68.13941094609365,3,2,0
2025-06-27 06:42:42,user021,0,39.357371508459885,1,6,0
2025-06-27 06:43:42,user018,1,76.25495466267529,1,4,0
2025-06-27 06:44:42,user029,0,40.52284341859362,0,8,0
2025-06-27 06:45:42,user025,1,8.841414786406915,2,3,0
2025-06-27 06:46:42,user023,3,54.35738176321371,4,6,0
2025-06-27 06:47:42,user036,1,25.94384052073955,1,2,0
2025-06-27 06:48:42,user032,6,82.56176533577518,7,14,1
2025-06-27 06:49:42,user048,6,81.11643911064715,11,11,1
2025-06-27 06:50:42,user012,0,30.237665994103082,0,4,0
2025-06-27 06:51:42,user013,2,36.698659467802074,0,3,0
2025-06-27 06:52:42,user038,5,88.40974332411062,6,13,1
2025-06-27 06:53:42,user006,2,94.73545903097487,1,8,0
2025-06-27 06:54:42,user007,0,20.84115674200118,2,2,0
2025-06-27 06:55:42,user015,0,69.39714863441516,0,8,0
2025-06-27 06:56:42,user021,7,96.8534560845037,8,19,1
2025-06-27 06:57:42,user041,1,70.68550924955511,1,5,0
2025-06-27 06:58:42,user010,2,26.672645908151086,3,5,0
2025-06-27 06:59:42,user002,2,89.57316101489619,0,9,0
2025-06-27 07:00:42,user024,6,90.79635769944113,13,8,1
2025-06-27 07:01:42,user049,0,5.196241334478726,4,4,0
2025-06-27 07:02:42,user033,13,88.84199065315394,6,6,1
2025-06-27 07:03:42,user011,2,76.84787768424117,4,0,0
2025-06-27 07:04:42,user034,0,74.31114052242253,1,6,0
2025-06-27 07:05:42,user044,1,76.30928375685075,0,8,0
2025-06-27 07:06:42,user022,0,15.427252209332792,3,2,0
2025-06-27 07:07:42,user042,0,8.514818905618885,4,4,0
2025-06-27 07:08:42,user032,12,86.88579554753173,11,11,1
2025-06-27 07:09:42,user043,1,57.53902409959239,3,9,0
2025-06-27 07:10:42,user006,2,52.318488748903114,3,2,0
2025-06-27 07:11:42,user046,1,6.032303735267034,2,8,0
2025-06-27 07:12:42,user026,0,39.67437360055864,3,9,0
2025-06-27 07:13:42,user011,0,51.96750067174631,4,1,0
2025-06-27 07:14:42,user048,11,94.33734051415635,12,12,1
2025-06-27 07:15:42,user043,1,83.11926745675743,2,3,0
2025-06-27 07:16:42,user024,0,25.087613230581265,1,5,0
2025-06-27 07:17:42,user009,1,60.857145531110504,2,2,0
2025-06-27 07:18:42,user003,0,65.58439448247596,4,5,0
2025-06-27 07:19:42,user036,12,93.51089479656254,11,16,1
2025-06-27 07:20:42,user022,10,92.65187239662619,11,19,1
2025-06-27 07:21:42,user020,0,62.2364928508827,1,1,0
2025-06-27 07:22:42,user016,0,35.40850179297293,3,4,0
2025-06-27 07:23:42,user024,2,32.94172329366495,2,2,0
2025-06-27 07:24:42,user009,0,53.99637567715374,4,6,0
2025-06-27 07:25:42,user007,3,59.915806498734376,2,9,0
2025-06-27 07:26:42,user010,0,46.011371020193856,1,6,0
2025-06-27 07:27:42,user042,2,26.7541913991492,4,9,0
2025-06-27 07:28:42,user040,1,85.68760419738045,1,5,0
2025-06-27 07:29:42,user001,7,83.90904899982684,8,18,1
2025-06-27 07:30:42,user017,0,74.54583376432812,1,6,0
2025-06-27 07:31:42,user037,3,65.27451060089962,0,0,0
2025-06-27 07:32:42,user034,2,44.03380991405018,3,8,0
2025-06-27 07:33:42,user037,0,22.711646842563532,2,4,0
2025-06-27 07:34:42,user037,2,29.59518993189419,2,6,0
2025-06-27 07:35:42,user029,9,83.21142523047038,14,18,1
2025-06-27 07:36:42,user048,0,37.516399128220506,3,2,0
2025-06-27 07:37:42,user015,6,87.35971258453772,10,12,1
2025-06-27 07:38:42,user042,9,84.47391590179508,6,12,1
2025-06-27 07:39:42,user042,2,77.35767083163701,1,0,0
2025-06-27 07:40:42,user042,8,99.57118010481628,5,11,1
2025-06-27 07:41:42,user040,6,85.38958702812796,6,13,1
2025-06-27 07:42:42,user016,0,31.02016872091177,3,0,0
2025-06-27 07:43:42,user028,1,68.55794835426208,0,4,0
2025-06-27 07:44:42,user030,0,41.448181573199946,1,7,0
2025-06-27 07:45:42,user022,1,14.050438364422856,3,3,0
2025-06-27 07:46:42,user047,7,87.17353510044174,11,8,1
2025-06-27 07:47:42,user048,0,16.88790156126513,2,9,0
2025-06-27 07:48:42,user047,0,21.760496754707624,4,1,0
2025-06-27 07:49:42,user046,2,62.389857119334216,0,2,0
2025-06-27 07:50:42,user046,9,99.79839634278375,12,15,1
2025-06-27 07:51:42,user002,2,43.690463022919765,1,4,0
2025-06-27 07:52:42,user020,2,73.51533623403296,4,6,0
2025-06-27 07:53:42,user012,1,56.91715704674994,2,7,0
2025-06-27 07:54:42,user014,1,93.21089432708276,4,1,0
2025-06-27 07:55:42,user020,10,96.4494927768134,14,7,1
2025-06-27 07:56:42,user024,1,50.87196586739488,1,9,0
2025-06-27 07:57:42,user006,0,5.8448486027993045,0,5,0
2025-06-27 07:58:42,user013,0,47.43002817665409,2,0,0
2025-06-27 07:59:42,user006,9,88.92509295891952,12,17,1
2025-06-27 08:00:42,user032,1,40.529928953341184,3,5,0
2025-06-27 08:01:42,user022,0,17.716125212253125,3,2,0
2025-06-27 08:02:42,user002,0,36.98965910948536,0,1,0
2025-06-27 08:03:42,user020,2,53.99242663742044,0,9,0
2025-06-27 08:04:42,user023,1,25.461881310483594,0,2,0
2025-06-27 08:05:42,user029,1,26.64181513817226,3,7,0
2025-06-27 08:06:42,user040,1,53.588287526759224,2,3,0
2025-06-27 08:07:42,user011,0,67.83027702740438,4,1,0
2025-06-27 08:08:42,user040,0,79.26912027841628,0,2,0
2025-06-27 08:09:42,user015,2,42.24273843697975,2,2,0
2025-06-27 08:10:42,user015,11,80.55002325534888,8,18,1
2025-06-27 08:11:42,user029,12,92.10222220533697,9,9,1
2025-06-27 08:12:42,user012,0,42.62179533639912,0,4,0
2025-06-27 08:13:42,user045,0,40.703137423014695,4,2,0
2025-06-27 08:14:42,user015,1,50.73023336920437,3,7,0
2025-06-27 08:15:42,user039,1,18.44005925363306,4,9,0
2025-06-27 08:16:42,user050,2,40.81363806566998,0,5,0
2025-06-27 08:17:42,user043,1,86.8230126196537,0,3,0
2025-06-27 08:18:42,user007,0,48.26744878749801,4,0,0
2025-06-27 08:19:42,user045,1,24.905396713389496,3,8,0
2025-06-27 08:20:42,user047,8,95.83494424993899,6,12,1
2025-06-27 08:21:42,user046,0,66.86734924755201,3,1,0
2025-06-27 08:22:42,user003,1,40.952962834786696,0,0,0
2025-06-27 08:23:42,user024,1,63.098366046321686,1,0,0
2025-06-27 08:24:42,user002,14,88.57419182746823,11,5,1
2025-06-27 08:25:42,user039,6,93.35287712180669,14,14,1
2025-06-27 08:26:42,user026,3,14.63741639997956,4,2,0
2025-06-27 08:27:42,user001,7,93.11553386818233,10,13,1
2025-06-27 08:28:42,user010,1,65.73463172458194,2,7,0
2025-06-27 08:29:42,user016,0,36.6960017360005,2,5,0
2025-06-27 08:30:42,user020,2,60.13622815478377,0,6,0
2025-06-27 08:31:42,user026,2,21.16508405208332,0,9,0
2025-06-27 08:32:42,user011,1,59.5751635792611,3,0,0
2025-06-27 08:33:42,user018,0,54.29817835326118,4,9,0
2025-06-27 08:34:42,user044,7,93.46892050791396,5,12,1
2025-06-27 08:35:42,user039,8,91.75346205966338,12,10,1
2025-06-27 08:36:42,user036,1,66.196614636361,1,6,0
2025-06-27 08:37:42,user024,0,38.727343615673206,3,6,0
2025-06-27 08:38:42,user009,0,55.14787508318602,4,0,0
2025-06-27 08:39:42,user022,12,91.74005965281258,7,6,1
2025-06-27 08:40:42,user025,12,96.15975391190415,8,12,1
2025-06-27 08:41:42,user043,0,30.59693065276892,1,4,0
2025-06-27 08:42:42,user037,2,68.19080085441956,4,9,0
2025-06-27 08:43:42,user006,0,6.632588490671943,3,1,0
2025-06-27 08:44:42,user011,1,9.840070074363085,0,8,0
2025-06-27 08:45:42,user005,12,99.89963728418233,7,8,1
2025-06-27 08:46:42,user047,9,82.99336184320366,13,19,1
2025-06-27 08:47:42,user001,0,25.47496667806698,3,3,0
2025-06-27 08:48:42,user011,12,90.840815482084,7,7,1
2025-06-27 08:49:42,user031,2,36.18831436093019,2,1,0
2025-06-27 08:50:42,user033,5,84.78435175117323,6,8,1
2025-06-27 08:51:42,user013,1,74.11218579838096,0,1,0
2025-06-27 08:52:42,user002,1,24.430528558956023,4,5,0
2025-06-27 08:53:42,user033,1,17.0408403201032,3,2,0
2025-06-27 08:54:42,user038,0,12.07758945181419,4,4,0
2025-06-27 08:55:42,user024,1,41.6446658816282,3,1,0
2025-06-27 08:56:42,user025,14,86.4181438510141,6,6,1
2025-06-27 08:57:42,user044,6,82.07019412675257,11,5,1
2025-06-27 08:58:42,user039,6,86.95845539058277,7,6,1
2025-06-27 08:59:42,user005,3,40.05885406376842,2,7,0
2025-06-27 09:00:42,user035,12,94.12724352534175,8,6,1
2025-06-27 09:01:42,user008,1,20.4768435509582,4,9,0
2025-06-27 09:02:42,user038,13,87.9726503965171,7,16,1
2025-06-27 09:03:42,user028,3,46.31839548029729,3,9,0
2025-06-27 09:04:42,user003,0,16.613101253346237,0,7,0
2025-06-27 09:05:42,user028,1,36.030439215140724,4,6,0
2025-06-27 09:06:42,user036,1,10.305819392357947,4,0,0
2025-06-27 09:07:42,user035,1,29.436716550667693,3,7,0
2025-06-27 09:08:42,user038,0,57.68303517077316,4,9,0
2025-06-27 09:09:42,user011,2,51.51040647083563,2,5,0
2025-06-27 09:10:42,user049,0,63.34238912193529,0,4,0
2025-06-27 09:11:42,user036,0,6.561739934393791,0,9,0
2025-06-27 09:12:42,user043,1,58.350349701977535,4,1,0
2025-06-27 09:13:42,user040,2,76.57177349833965,4,3,0
2025-06-27 09:14:42,user018,1,72.23274436073928,2,7,0
2025-06-27 09:15:42,user037,1,47.30885250527322,4,7,0
2025-06-27 09:16:42,user002,2,51.32314968455491,4,2,0
2025-06-27 09:17:42,user050,7,86.60211345257635,12,10,1
2025-06-27 09:18:42,user002,1,67.47624709453595,1,7,0
2025-06-27 09:19:42,user006,0,33.68849140816663,0,9,0
2025-06-27 09:20:42,user023,0,70.93377339601692,2,2,0
2025-06-27 09:21:42,user026,6,91.26019142060703,11,5,1
2025-06-27 09:22:42,user001,2,64.66801765659956,4,5,0
2025-06-27 09:23:42,user006,10,98.1514717691058,6,14,1
2025-06-27 09:24:42,user017,1,26.124698975103104,0,4,0
2025-06-27 09:25:42,user014,6,87.6749515022413,13,6,1
2025-06-27 09:26:42,user005,2,7.0293046383869,0,1,0
2025-06-27 09:27:42,user021,0,13.048712497765633,1,6,0
2025-06-27 09:28:42,user035,1,83.29335267101169,4,8,0
